{"cameraMode":{"drawMode":0,"name":"Shaded","section":"Shading Mode"},"sceneLighting":true,"audioPlay":false,"sceneViewState":{"m_AlwaysRefresh":false,"showFog":true,"showSkybox":true,"showFlares":true,"showImageEffects":true,"showParticleSystems":true,"showVisualEffectGraphs":true,"m_FxEnabled":true},"in2DMode":false,"pivot":{"x":-2.5999984741210939,"y":-47.20000076293945,"z":109.19999694824219},"rotation":{"x":-0.10277803987264633,"y":-0.10127837210893631,"z":-0.010519894771277905,"w":0.9894796013832092},"size":71.37169647216797,"orthographic":true}