{"cameraMode":{"drawMode":0,"name":"Shaded","section":"Shading Mode"},"sceneLighting":true,"audioPlay":false,"sceneViewState":{"m_AlwaysRefresh":false,"showFog":true,"showSkybox":true,"showFlares":true,"showImageEffects":true,"showParticleSystems":true,"showVisualEffectGraphs":true,"m_FxEnabled":true},"in2DMode":false,"pivot":{"x":-12.848379135131836,"y":1.4200201034545899,"z":104.79773712158203},"rotation":{"x":-0.007798934355378151,"y":0.05307136848568916,"z":-0.0004086565168108791,"w":-0.9985623955726624},"size":56.61629104614258,"orthographic":false}